{
    "features": [
        "surface_num",
        "log_surface",
        "zone_clean",
        "usage_terrain",
        "kw_constructible",
        "kw_agricole",
        "kw_immeuble",
        "kw_golf"
    ],
    "target": "log_pm2",
    "metrics": {
        "mae": 38508913.275366835,
        "rmse": 119362016.36490603,
        "r2": -0.0927190718962756,
        "mape": 163.5998457062549,
        "mdape": 73.62249632716033
    }
}